{
  "chr1": {
    "ERD_pct": 48.677401067954065,
    "LRD_pct": 30.209933435739888,
    "total_Mb": 218.736
  },
  "chr2": {
    "ERD_pct": 37.38386681133867,
    "LRD_pct": 41.843550793435504,
    "total_Mb": 235.936
  },
  "chr3": {
    "ERD_pct": 38.6342861251194,
    "LRD_pct": 43.655187288805806,
    "total_Mb": 194.726
  },
  "chr4": {
    "ERD_pct": 18.397184966523348,
    "LRD_pct": 63.99709084686304,
    "total_Mb": 186.996
  },
  "chr5": {
    "ERD_pct": 32.461864983883416,
    "LRD_pct": 47.054750987424526,
    "total_Mb": 176.216
  },
  "chr6": {
    "ERD_pct": 35.053181341219116,
    "LRD_pct": 41.75689211103692,
    "total_Mb": 167.728
  },
  "chr7": {
    "ERD_pct": 30.473948929584733,
    "LRD_pct": 48.43822543203508,
    "total_Mb": 155.08
  },
  "chr8": {
    "ERD_pct": 23.62507706371309,
    "LRD_pct": 55.200294790847316,
    "total_Mb": 141.117
  },
  "chr9": {
    "ERD_pct": 45.4372588813925,
    "LRD_pct": 41.497997915638194,
    "total_Mb": 109.386
  },
  "chrX": {
    "ERD_pct": 3.418635067206631,
    "LRD_pct": 92.95551598619625,
    "total_Mb": 126.922
  },
  "chr10": {
    "ERD_pct": 37.66724772419136,
    "LRD_pct": 41.86248305248886,
    "total_Mb": 129.075
  },
  "chr11": {
    "ERD_pct": 43.49416372001065,
    "LRD_pct": 37.12482415117296,
    "total_Mb": 131.505
  },
  "chr12": {
    "ERD_pct": 44.245344847526894,
    "LRD_pct": 38.272099926751224,
    "total_Mb": 129.695
  },
  "chr13": {
    "ERD_pct": 22.973768286531023,
    "LRD_pct": 58.36346056835379,
    "total_Mb": 95.152
  },
  "chr14": {
    "ERD_pct": 48.433874053362615,
    "LRD_pct": 36.68708045144274,
    "total_Mb": 88.339
  },
  "chr15": {
    "ERD_pct": 56.84967657203177,
    "LRD_pct": 27.310331283524196,
    "total_Mb": 81.471
  },
  "chr16": {
    "ERD_pct": 56.61783803438782,
    "LRD_pct": 29.121863799283155,
    "total_Mb": 77.004
  },
  "chr17": {
    "ERD_pct": 74.55028168102052,
    "LRD_pct": 16.1626626950722,
    "total_Mb": 77.215
  },
  "chr18": {
    "ERD_pct": 20.64783276564483,
    "LRD_pct": 53.68730381353102,
    "total_Mb": 74.865
  },
  "chr19": {
    "ERD_pct": 70.44857239912038,
    "LRD_pct": 19.43754134410813,
    "total_Mb": 55.933
  },
  "chr20": {
    "ERD_pct": 48.88026626080848,
    "LRD_pct": 34.531952969510456,
    "total_Mb": 59.791
  },
  "chr21": {
    "ERD_pct": 30.88512771410065,
    "LRD_pct": 48.2187614407615,
    "total_Mb": 35.509
  },
  "chr22": {
    "ERD_pct": 82.91526198502943,
    "LRD_pct": 9.67658990914805,
    "total_Mb": 35.002
  }
}