{
  "chr1": {
    "active_pct": 21.054071685283805,
    "hetero_pct": 64.34881199884774,
    "pc_pct": 13.981029534131512,
    "total": 249250600
  },
  "chr2": {
    "active_pct": 18.03221392175632,
    "hetero_pct": 69.03427313905638,
    "pc_pct": 12.162211059904802,
    "total": 243199200
  },
  "chr3": {
    "active_pct": 18.176428525257748,
    "hetero_pct": 69.03633124333409,
    "pc_pct": 12.03298212727449,
    "total": 198022400
  },
  "chr4": {
    "active_pct": 12.256387774895869,
    "hetero_pct": 80.39247895154801,
    "pc_pct": 6.753186694302296,
    "total": 191154200
  },
  "chr5": {
    "active_pct": 15.798451429177868,
    "hetero_pct": 74.59848592047545,
    "pc_pct": 8.922854464412055,
    "total": 180915200
  },
  "chr6": {
    "active_pct": 18.37314087017503,
    "hetero_pct": 68.89308359874939,
    "pc_pct": 11.98328609414721,
    "total": 171115000
  },
  "chr7": {
    "active_pct": 16.960812775781616,
    "hetero_pct": 73.38634372804587,
    "pc_pct": 8.842229352275313,
    "total": 159138600
  },
  "chr8": {
    "active_pct": 14.717553496761498,
    "hetero_pct": 74.23136836927114,
    "pc_pct": 10.475800060124074,
    "total": 146364000
  },
  "chr9": {
    "active_pct": 16.23896882307203,
    "hetero_pct": 73.52035996583894,
    "pc_pct": 9.689873623891216,
    "total": 141213400
  },
  "chrX": {
    "active_pct": 8.179537117183958,
    "hetero_pct": 87.51674498165781,
    "pc_pct": 4.113984378220189,
    "total": 155270400
  },
  "chr10": {
    "active_pct": 18.19328791319707,
    "hetero_pct": 68.4594192184136,
    "pc_pct": 12.522411251444282,
    "total": 135534600
  },
  "chr11": {
    "active_pct": 19.463373588215077,
    "hetero_pct": 63.004568672299975,
    "pc_pct": 16.95282594010358,
    "total": 135006400
  },
  "chr12": {
    "active_pct": 21.24932201135883,
    "hetero_pct": 66.65521121120523,
    "pc_pct": 11.143966685543266,
    "total": 133851800
  },
  "chr13": {
    "active_pct": 11.743356331260452,
    "hetero_pct": 81.63528980687646,
    "pc_pct": 6.158037957867427,
    "total": 115169800
  },
  "chr14": {
    "active_pct": 18.1955371897747,
    "hetero_pct": 73.5249568232333,
    "pc_pct": 7.69450038845117,
    "total": 107349400
  },
  "chr15": {
    "active_pct": 19.753011766174588,
    "hetero_pct": 68.9909022814519,
    "pc_pct": 10.56692987110265,
    "total": 102531200
  },
  "chr16": {
    "active_pct": 23.479933506429113,
    "hetero_pct": 68.51029167303048,
    "pc_pct": 7.2671452255889575,
    "total": 90354600
  },
  "chr17": {
    "active_pct": 34.15620627820364,
    "hetero_pct": 51.4872800362583,
    "pc_pct": 13.529371194356315,
    "total": 81195200
  },
  "chr18": {
    "active_pct": 13.969250946499107,
    "hetero_pct": 74.35230771595293,
    "pc_pct": 11.029852504956633,
    "total": 78077200
  },
  "chr19": {
    "active_pct": 30.84689694362138,
    "hetero_pct": 59.787447064712964,
    "pc_pct": 5.9294286371446745,
    "total": 59128800
  },
  "chr20": {
    "active_pct": 22.832381865089314,
    "hetero_pct": 60.331548867599416,
    "pc_pct": 16.18363389998318,
    "total": 63025400
  },
  "chr21": {
    "active_pct": 11.935225161957872,
    "hetero_pct": 82.84347742978363,
    "pc_pct": 4.548948884059357,
    "total": 48129800
  },
  "chr22": {
    "active_pct": 24.293822752044658,
    "hetero_pct": 66.41184771676504,
    "pc_pct": 8.854990994924412,
    "total": 51304400
  }
}